TIME,LABEL
0.035,M1B1
0.41,M1B2
0.785,M1B3
1.16,M1B4
1.535,M2B1
1.91,M2B2
2.285,M2B3
2.66,M2B4
3.035,M3B1
3.41,M3B2
3.785,M3B3
4.16,M3B4
4.535,M4B1
4.91,M4B2
5.285,M4B3
5.66,M4B4
6.035,M5B1
6.41,M5B2
6.785,M5B3
7.16,M5B4
7.535,M6B1
7.91,M6B2
8.285,M6B3
8.66,M6B4
9.035,M7B1
9.41,M7B2
9.785,M7B3
10.16,M7B4
10.535,M8B1
10.91,M8B2
11.285,M8B3
11.66,M8B4
12.035,M9B1
12.41,M9B2
12.785,M9B3
13.16,M9B4
13.535,M10B1
13.91,M10B2
14.285,M10B3
14.66,M10B4
15.035,M11B1
15.41,M11B2
15.785,M11B3
16.16,M11B4
16.535,M12B1
16.91,M12B2
17.285,M12B3
17.66,M12B4
18.035,M13B1
18.41,M13B2
18.785,M13B3
19.16,M13B4
19.535,M14B1
19.91,M14B2
20.285,M14B3
20.66,M14B4
21.035,M15B1
21.41,M15B2
21.785,M15B3
22.16,M15B4
22.535,M16B1
22.91,M16B2
23.285,M16B3
23.66,M16B4
24.035,M17B1
24.41,M17B2
24.785,M17B3
25.16,M17B4
25.535,M18B1
25.91,M18B2
26.285,M18B3
26.66,M18B4
27.035,M19B1
27.41,M19B2
27.785,M19B3
28.16,M19B4
28.535,M20B1
28.91,M20B2
29.285,M20B3
29.66,M20B4
30.035,M21B1
30.41,M21B2
30.785,M21B3
31.16,M21B4
31.535,M22B1
31.91,M22B2
32.285,M22B3
32.66,M22B4
33.035,M23B1
33.41,M23B2
33.785,M23B3
34.16,M23B4
34.535,M24B1
34.91,M24B2
35.285,M24B3
35.66,M24B4
36.035,M25B1
36.41,M25B2
36.785,M25B3
37.16,M25B4
37.535,M26B1
37.91,M26B2
38.285,M26B3
38.66,M26B4
39.035,M27B1
39.41,M27B2
39.785,M27B3
40.16,M27B4
40.535,M28B1
40.91,M28B2
41.285,M28B3
41.66,M28B4
42.035,M29B1
42.41,M29B2
42.785,M29B3
43.16,M29B4
43.535,M30B1
43.91,M30B2
44.285,M30B3
44.66,M30B4
45.035,M31B1
45.41,M31B2
45.785,M31B3
46.16,M31B4
46.535,M32B1
46.91,M32B2
47.285,M32B3
47.66,M32B4
48.035,M33B1
48.41,M33B2
48.785,M33B3
49.16,M33B4
49.535,M34B1
49.91,M34B2
50.285,M34B3
50.66,M34B4
51.035,M35B1
51.41,M35B2
51.785,M35B3
52.16,M35B4
52.535,M36B1
52.91,M36B2
53.285,M36B3
53.66,M36B4
54.035,M37B1
54.41,M37B2
54.785,M37B3
55.16,M37B4
55.535,M38B1
55.91,M38B2
56.285,M38B3
56.66,M38B4
57.035,M39B1
57.41,M39B2
57.785,M39B3
58.16,M39B4
58.535,M40B1
58.91,M40B2
59.285,M40B3
59.66,M40B4
60.035,M41B1
60.41,M41B2
60.785,M41B3
61.16,M41B4
61.535,M42B1
61.91,M42B2
62.285,M42B3
62.66,M42B4
63.035,M43B1
63.41,M43B2
63.785,M43B3
64.16,M43B4
64.535,M44B1
64.91,M44B2
65.285,M44B3
65.66,M44B4
66.035,M45B1
66.41,M45B2
66.785,M45B3
67.16,M45B4
67.535,M46B1
67.91,M46B2
68.285,M46B3
68.66,M46B4
69.035,M47B1
69.41,M47B2
69.785,M47B3
70.16,M47B4
70.535,M48B1
70.91,M48B2
71.285,M48B3
71.66,M48B4
72.035,M49B1
72.41,M49B2
72.785,M49B3
73.16,M49B4
73.535,M50B1
73.91,M50B2
74.285,M50B3
74.66,M50B4
75.035,M51B1
75.41,M51B2
75.785,M51B3
76.16,M51B4
76.535,M52B1
76.91,M52B2
77.285,M52B3
77.66,M52B4
78.035,M53B1
78.41,M53B2
78.785,M53B3
79.16,M53B4
79.535,M54B1
79.91,M54B2
80.285,M54B3
80.66,M54B4
81.035,M55B1
81.41,M55B2
81.785,M55B3
82.16,M55B4
82.535,M56B1
82.91,M56B2
83.285,M56B3
83.66,M56B4
84.035,M57B1
84.41,M57B2
84.785,M57B3
85.16,M57B4
85.535,M58B1
85.91,M58B2
86.285,M58B3
86.66,M58B4
87.035,M59B1
87.41,M59B2
87.785,M59B3
88.16,M59B4
88.535,M60B1
88.91,M60B2
89.285,M60B3
89.66,M60B4
90.035,M61B1
90.41,M61B2
90.785,M61B3
91.16,M61B4
91.535,M62B1
91.91,M62B2
92.285,M62B3
92.66,M62B4
93.035,M63B1
93.41,M63B2
93.785,M63B3
94.16,M63B4
94.535,M64B1
94.91,M64B2
95.285,M64B3
95.66,M64B4
96.035,M65B1
96.41,M65B2
96.785,M65B3
97.16,M65B4
97.535,M66B1
97.91,M66B2
98.285,M66B3
98.66,M66B4
99.035,M67B1
99.41,M67B2
99.785,M67B3
100.16,M67B4
100.535,M68B1
100.91,M68B2
101.285,M68B3
101.66,M68B4
102.035,M69B1
102.41,M69B2
102.785,M69B3
103.16,M69B4
103.535,M70B1
103.91,M70B2
104.285,M70B3
104.66,M70B4
105.035,M71B1
105.41,M71B2
105.785,M71B3
106.16,M71B4
106.535,M72B1
106.91,M72B2
107.285,M72B3
107.66,M72B4
108.035,M73B1
108.41,M73B2
108.785,M73B3
109.16,M73B4
109.535,M74B1
109.91,M74B2
110.285,M74B3
110.66,M74B4
111.035,M75B1
111.41,M75B2
111.785,M75B3
112.16,M75B4
112.535,M76B1
112.91,M76B2
113.285,M76B3
113.66,M76B4
114.035,M77B1
114.41,M77B2
114.785,M77B3
115.16,M77B4
115.535,M78B1
115.91,M78B2
116.285,M78B3
116.66,M78B4
117.035,M79B1
117.41,M79B2
117.785,M79B3
118.16,M79B4
118.535,M80B1
118.91,M80B2
119.285,M80B3
119.66,M80B4
120.035,M81B1
120.41,M81B2
120.785,M81B3
121.16,M81B4
121.535,M82B1
121.91,M82B2
122.285,M82B3
122.66,M82B4
123.035,M83B1
123.41,M83B2
123.785,M83B3
124.16,M83B4
124.535,M84B1
124.91,M84B2
125.285,M84B3
125.66,M84B4
126.035,M85B1
126.41,M85B2
126.785,M85B3
127.16,M85B4
127.535,M86B1
127.91,M86B2
128.285,M86B3
128.66,M86B4
129.035,M87B1
129.41,M87B2
129.785,M87B3
130.16,M87B4
130.535,M88B1
130.91,M88B2
131.285,M88B3
131.66,M88B4
132.035,M89B1
132.41,M89B2
132.785,M89B3
133.16,M89B4
133.535,M90B1
133.91,M90B2
134.285,M90B3
134.66,M90B4
135.035,M91B1
135.41,M91B2
135.785,M91B3
136.16,M91B4
136.535,M92B1
136.91,M92B2
137.285,M92B3
137.66,M92B4
138.035,M93B1
138.41,M93B2
138.785,M93B3
139.16,M93B4
139.535,M94B1
139.91,M94B2
140.285,M94B3
140.66,M94B4
141.035,M95B1
141.41,M95B2
141.785,M95B3
142.16,M95B4
142.535,M96B1
142.91,M96B2
143.285,M96B3
143.66,M96B4
144.035,M97B1
144.41,M97B2
144.785,M97B3
145.16,M97B4
145.535,M98B1
145.91,M98B2
146.285,M98B3
146.66,M98B4
147.035,M99B1
147.41,M99B2
147.785,M99B3
148.16,M99B4
148.535,M100B1
148.91,M100B2
149.285,M100B3
149.66,M100B4
150.035,M101B1
150.41,M101B2
150.785,M101B3
151.16,M101B4
151.535,M102B1
151.91,M102B2
152.285,M102B3
152.66,M102B4
153.035,M103B1
153.41,M103B2
153.785,M103B3
154.16,M103B4
154.535,M104B1
154.91,M104B2
155.285,M104B3
155.66,M104B4
156.035,M105B1
156.41,M105B2
156.785,M105B3
157.16,M105B4
157.535,M106B1
157.91,M106B2
158.285,M106B3
158.66,M106B4
159.035,M107B1
159.41,M107B2
159.785,M107B3
160.16,M107B4
160.535,M108B1
160.91,M108B2
161.285,M108B3
161.66,M108B4
162.035,M109B1
162.41,M109B2
162.785,M109B3
163.16,M109B4
163.535,M110B1
163.91,M110B2
164.285,M110B3
164.66,M110B4
165.035,M111B1
165.41,M111B2
165.785,M111B3
166.16,M111B4
166.535,M112B1
166.91,M112B2
167.285,M112B3
167.66,M112B4
168.035,M113B1
168.41,M113B2
168.785,M113B3
169.16,M113B4
169.535,M114B1
169.91,M114B2
170.285,M114B3
170.66,M114B4
171.035,M115B1
171.41,M115B2
171.785,M115B3
172.16,M115B4
172.535,M116B1
172.91,M116B2
173.285,M116B3
173.66,M116B4
174.035,M117B1
174.41,M117B2
174.785,M117B3
175.16,M117B4
175.535,M118B1
175.91,M118B2
176.285,M118B3
176.66,M118B4
177.035,M119B1
177.41,M119B2
177.785,M119B3
178.16,M119B4
178.535,M120B1
178.91,M120B2
179.285,M120B3
179.66,M120B4
180.035,M121B1
180.41,M121B2
180.785,M121B3
181.16,M121B4
181.535,M122B1
181.91,M122B2
182.285,M122B3
182.66,M122B4
183.035,M123B1
183.41,M123B2
183.785,M123B3
184.16,M123B4
184.535,M124B1
184.91,M124B2
185.285,M124B3
185.66,M124B4
186.035,M125B1
186.41,M125B2
186.785,M125B3
187.16,M125B4
187.535,M126B1
187.91,M126B2
188.285,M126B3
188.66,M126B4
189.035,M127B1
189.41,M127B2
189.785,M127B3
190.16,M127B4
190.535,M128B1
190.91,M128B2
191.285,M128B3
191.66,M128B4
192.035,M129B1
192.41,M129B2
192.785,M129B3
193.16,M129B4
193.535,M130B1
193.91,M130B2
194.285,M130B3
194.66,M130B4
195.035,M131B1
195.41,M131B2
195.785,M131B3
196.16,M131B4
196.535,M132B1
196.91,M132B2
197.285,M132B3
197.66,M132B4
198.035,M133B1
198.41,M133B2
198.785,M133B3
199.16,M133B4
199.535,M134B1
199.91,M134B2
200.285,M134B3
200.66,M134B4
201.035,M135B1
201.41,M135B2
201.785,M135B3
202.16,M135B4
202.535,M136B1
202.91,M136B2
203.285,M136B3
203.66,M136B4
204.035,M137B1
204.41,M137B2
204.785,M137B3
205.16,M137B4
205.535,M138B1
205.91,M138B2
206.285,M138B3
206.66,M138B4
207.035,M139B1
207.41,M139B2
207.785,M139B3
208.16,M139B4
208.535,M140B1
208.91,M140B2
209.285,M140B3
209.66,M140B4
210.035,M141B1
210.41,M141B2
210.785,M141B3
211.16,M141B4
211.535,M142B1
211.91,M142B2
212.285,M142B3
212.66,M142B4
213.035,M143B1
213.41,M143B2
213.785,M143B3
214.16,M143B4
214.535,M144B1
214.91,M144B2
215.285,M144B3
215.66,M144B4
216.035,M145B1
216.41,M145B2
216.785,M145B3
217.16,M145B4
217.535,M146B1
217.91,M146B2
218.285,M146B3
218.66,M146B4
219.035,M147B1
219.41,M147B2
219.785,M147B3
220.16,M147B4
220.535,M148B1
220.91,M148B2
221.285,M148B3
221.66,M148B4
222.035,M149B1
222.41,M149B2
222.785,M149B3
223.16,M149B4
223.535,M150B1
223.91,M150B2
224.285,M150B3
224.66,M150B4
225.035,M151B1
225.41,M151B2
225.785,M151B3
226.16,M151B4
226.535,M152B1
226.91,M152B2
227.285,M152B3
227.66,M152B4
228.035,M153B1
228.41,M153B2
228.785,M153B3
229.16,M153B4
229.535,M154B1
229.91,M154B2
230.285,M154B3
230.66,M154B4
231.035,M155B1
231.41,M155B2
231.785,M155B3
232.16,M155B4
232.535,M156B1
232.91,M156B2
233.285,M156B3
233.66,M156B4
234.035,M157B1
234.41,M157B2
234.785,M157B3
235.16,M157B4
235.535,M158B1
235.91,M158B2
236.285,M158B3
236.66,M158B4
237.035,M159B1
237.41,M159B2
237.785,M159B3
238.16,M159B4
238.535,M160B1
238.91,M160B2
239.285,M160B3
239.66,M160B4
240.035,M161B1
240.41,M161B2
240.785,M161B3
241.16,M161B4
241.535,M162B1
241.91,M162B2
242.285,M162B3
242.66,M162B4
243.035,M163B1
243.41,M163B2
243.785,M163B3
244.16,M163B4
244.535,M164B1
244.91,M164B2
245.285,M164B3
245.66,M164B4
246.035,M165B1
246.41,M165B2
246.785,M165B3
247.16,M165B4
247.535,M166B1
247.91,M166B2
248.285,M166B3
248.66,M166B4
249.035,M167B1
249.41,M167B2
249.785,M167B3
250.16,M167B4
250.535,M168B1
250.91,M168B2
251.285,M168B3
251.66,M168B4
252.035,M169B1
252.41,M169B2
252.785,M169B3
253.16,M169B4
253.535,M170B1
253.91,M170B2
254.285,M170B3
254.66,M170B4
255.035,M171B1
255.41,M171B2
255.785,M171B3
256.16,M171B4
256.535,M172B1
256.91,M172B2
257.285,M172B3
257.66,M172B4
258.035,M173B1
258.41,M173B2
258.785,M173B3
259.16,M173B4
259.535,M174B1
259.91,M174B2
260.285,M174B3
260.66,M174B4
261.035,M175B1
261.41,M175B2
261.785,M175B3
262.16,M175B4
262.535,M176B1
262.91,M176B2
263.285,M176B3
263.66,M176B4
264.035,M177B1
264.41,M177B2
264.785,M177B3
265.16,M177B4
265.535,M178B1
265.91,M178B2
266.285,M178B3
266.66,M178B4
267.035,M179B1
267.41,M179B2
267.785,M179B3
268.16,M179B4
268.535,M180B1
268.91,M180B2
269.285,M180B3
269.66,M180B4
270.035,M181B1
270.41,M181B2
270.785,M181B3
271.16,M181B4
271.535,M182B1
271.91,M182B2
272.285,M182B3
272.66,M182B4
273.035,M183B1
273.41,M183B2
273.785,M183B3
274.16,M183B4
274.535,M184B1
274.91,M184B2
275.285,M184B3
275.66,M184B4
276.035,M185B1
276.41,M185B2
276.785,M185B3
277.16,M185B4
277.535,M186B1
277.91,M186B2
278.285,M186B3
278.66,M186B4
279.035,M187B1
279.41,M187B2
279.785,M187B3
280.16,M187B4
280.535,M188B1
280.91,M188B2
281.285,M188B3
281.66,M188B4
282.035,M189B1
282.41,M189B2
282.785,M189B3
283.16,M189B4
283.535,M190B1
283.91,M190B2
284.285,M190B3
284.66,M190B4
285.035,M191B1
285.41,M191B2
285.785,M191B3
286.16,M191B4
286.535,M192B1
286.91,M192B2
287.285,M192B3
287.66,M192B4
288.035,M193B1
288.41,M193B2
288.785,M193B3
289.16,M193B4
289.535,M194B1
289.91,M194B2
290.285,M194B3
290.66,M194B4
291.035,M195B1
291.41,M195B2
291.785,M195B3
292.16,M195B4
292.535,M196B1
292.91,M196B2
293.285,M196B3
293.66,M196B4
